<?xml version="1.0" encoding="UTF-8"?>
<Tokens version="1.0">
	<File path="Protocols/BITFeedbackComposeViewControllerDelegate.html">
		
		<Token>
			<TokenIdentifier>//apple_ref/occ/intf/BITFeedbackComposeViewControllerDelegate</TokenIdentifier>
			<Abstract type="html">The BITFeedbackComposeViewControllerDelegate formal protocol defines methods further configuring
the behaviour of BITFeedbackComposeViewController.</Abstract>
			<DeclaredIn>BITFeedbackComposeViewControllerDelegate.h</DeclaredIn>
			
			<NodeRef refid="25"/>
		</Token>
		
		
		<Token>
			<TokenIdentifier>//apple_ref/occ/intfm/BITFeedbackComposeViewControllerDelegate/feedbackComposeViewControllerDidFinish:</TokenIdentifier>
			<Abstract type="html">Invoked once the compose screen is finished via send or cancel</Abstract>
			<DeclaredIn>BITFeedbackComposeViewControllerDelegate.h</DeclaredIn>			
			
			<Declaration>- (void)feedbackComposeViewControllerDidFinish:(BITFeedbackComposeViewController *)composeViewController</Declaration>
			<Parameters>
				<Parameter>
					<Name>composeViewController</Name>
					<Abstract type="html">The BITFeedbackComposeViewController instance invoking this delegate</Abstract>
				</Parameter>
			</Parameters>
			
			<Anchor>//api/name/feedbackComposeViewControllerDidFinish:</Anchor>
		</Token>
		
	</File>
</Tokens>