<?xml version="1.0" encoding="UTF-8"?>
<Tokens version="1.0">
	<File path="Classes/BITCrashManager.html">
		
		<Token>
			<TokenIdentifier>//apple_ref/occ/cl/BITCrashManager</TokenIdentifier>
			<Abstract type="html">The crash reporting module.</Abstract>
			<DeclaredIn>BITCrashManager.h</DeclaredIn>
			
			<NodeRef refid="14"/>
		</Token>
		
		
		<Token>
			<TokenIdentifier>//apple_ref/occ/instm/BITCrashManager/setDelegate:</TokenIdentifier>
			<Abstract type="html">Sets the optional BITCrashManagerDelegate delegate.</Abstract>
			<DeclaredIn>BITCrashManager.h</DeclaredIn>			
			
			<Declaration>@property (nonatomic, weak) id delegate</Declaration>
			
			
			<Anchor>//api/name/delegate</Anchor>
		</Token>
		
		<Token>
			<TokenIdentifier>//apple_ref/occ/instp/BITCrashManager/delegate</TokenIdentifier>
			<Abstract type="html">Sets the optional BITCrashManagerDelegate delegate.</Abstract>
			<DeclaredIn>BITCrashManager.h</DeclaredIn>			
			
			<Declaration>@property (nonatomic, weak) id delegate</Declaration>
			
			
			<Anchor>//api/name/delegate</Anchor>
		</Token>
		
		<Token>
			<TokenIdentifier>//apple_ref/occ/instm/BITCrashManager/setCrashManagerStatus:</TokenIdentifier>
			<Abstract type="html">Set the default status of the Crash Manager</Abstract>
			<DeclaredIn>BITCrashManager.h</DeclaredIn>			
			
	<RelatedTokens>
		<TokenIdentifier>//apple_ref/occ/instp/BITCrashManager/showAlwaysButton</TokenIdentifier>
		
	</RelatedTokens>
	
			<Declaration>@property (nonatomic, assign) BITCrashManagerStatus crashManagerStatus</Declaration>
			
			
			<Anchor>//api/name/crashManagerStatus</Anchor>
		</Token>
		
		<Token>
			<TokenIdentifier>//apple_ref/occ/instp/BITCrashManager/crashManagerStatus</TokenIdentifier>
			<Abstract type="html">Set the default status of the Crash Manager</Abstract>
			<DeclaredIn>BITCrashManager.h</DeclaredIn>			
			
	<RelatedTokens>
		<TokenIdentifier>//apple_ref/occ/instp/BITCrashManager/showAlwaysButton</TokenIdentifier>
		
	</RelatedTokens>
	
			<Declaration>@property (nonatomic, assign) BITCrashManagerStatus crashManagerStatus</Declaration>
			
			
			<Anchor>//api/name/crashManagerStatus</Anchor>
		</Token>
		
		<Token>
			<TokenIdentifier>//apple_ref/occ/instm/BITCrashManager/setShowAlwaysButton:</TokenIdentifier>
			<Abstract type="html">Flag that determines if an &quot;Always&quot; option should be shown</Abstract>
			<DeclaredIn>BITCrashManager.h</DeclaredIn>			
			
	<RelatedTokens>
		<TokenIdentifier>//apple_ref/occ/instp/BITCrashManager/crashManagerStatus</TokenIdentifier>
		
	</RelatedTokens>
	
			<Declaration>@property (nonatomic, assign, getter=shouldShowAlwaysButton) BOOL showAlwaysButton</Declaration>
			
			
			<Anchor>//api/name/showAlwaysButton</Anchor>
		</Token>
		
		<Token>
			<TokenIdentifier>//apple_ref/occ/instp/BITCrashManager/showAlwaysButton</TokenIdentifier>
			<Abstract type="html">Flag that determines if an &quot;Always&quot; option should be shown</Abstract>
			<DeclaredIn>BITCrashManager.h</DeclaredIn>			
			
	<RelatedTokens>
		<TokenIdentifier>//apple_ref/occ/instp/BITCrashManager/crashManagerStatus</TokenIdentifier>
		
	</RelatedTokens>
	
			<Declaration>@property (nonatomic, assign, getter=shouldShowAlwaysButton) BOOL showAlwaysButton</Declaration>
			
			
			<Anchor>//api/name/showAlwaysButton</Anchor>
		</Token>
		
		<Token>
			<TokenIdentifier>//apple_ref/occ/instm/BITCrashManager/setDidCrashInLastSession:</TokenIdentifier>
			<Abstract type="html">Indicates if the app crash in the previous session</Abstract>
			<DeclaredIn>BITCrashManager.h</DeclaredIn>			
			
			<Declaration>@property (nonatomic, readonly) BOOL didCrashInLastSession</Declaration>
			
			
			<Anchor>//api/name/didCrashInLastSession</Anchor>
		</Token>
		
		<Token>
			<TokenIdentifier>//apple_ref/occ/instp/BITCrashManager/didCrashInLastSession</TokenIdentifier>
			<Abstract type="html">Indicates if the app crash in the previous session</Abstract>
			<DeclaredIn>BITCrashManager.h</DeclaredIn>			
			
			<Declaration>@property (nonatomic, readonly) BOOL didCrashInLastSession</Declaration>
			
			
			<Anchor>//api/name/didCrashInLastSession</Anchor>
		</Token>
		
		<Token>
			<TokenIdentifier>//apple_ref/occ/instm/BITCrashManager/setTimeintervalCrashInLastSessionOccured:</TokenIdentifier>
			<Abstract type="html">Provides the time between startup and crash in seconds</Abstract>
			<DeclaredIn>BITCrashManager.h</DeclaredIn>			
			
	<RelatedTokens>
		<TokenIdentifier>//apple_ref/occ/instp/BITCrashManager/didCrashInLastSession</TokenIdentifier>
		<TokenIdentifier>//apple_ref/occ/intf/BITCrashManagerDelegate</TokenIdentifier>
		
	</RelatedTokens>
	
			<Declaration>@property (nonatomic, readonly) NSTimeInterval timeintervalCrashInLastSessionOccured</Declaration>
			
			
			<Anchor>//api/name/timeintervalCrashInLastSessionOccured</Anchor>
		</Token>
		
		<Token>
			<TokenIdentifier>//apple_ref/occ/instp/BITCrashManager/timeintervalCrashInLastSessionOccured</TokenIdentifier>
			<Abstract type="html">Provides the time between startup and crash in seconds</Abstract>
			<DeclaredIn>BITCrashManager.h</DeclaredIn>			
			
	<RelatedTokens>
		<TokenIdentifier>//apple_ref/occ/instp/BITCrashManager/didCrashInLastSession</TokenIdentifier>
		<TokenIdentifier>//apple_ref/occ/intf/BITCrashManagerDelegate</TokenIdentifier>
		
	</RelatedTokens>
	
			<Declaration>@property (nonatomic, readonly) NSTimeInterval timeintervalCrashInLastSessionOccured</Declaration>
			
			
			<Anchor>//api/name/timeintervalCrashInLastSessionOccured</Anchor>
		</Token>
		
	</File>
</Tokens>