<?xml version="1.0" encoding="UTF-8"?>
<Tokens version="1.0">
	<File path="docs/docs/Troubleshooting-Troubleshooting-Crash-Reporting-Not-Working.html">
		
		<Token>
			<TokenIdentifier>//apple_ref/occ/doc/Troubleshooting-Troubleshooting-Crash-Reporting-Not-Working</TokenIdentifier>
			<Abstract type="html">## Crash Reporting is not working</Abstract>
			<DeclaredIn>Troubleshooting-Troubleshooting-Crash-Reporting-Not-Working-template.md</DeclaredIn>
			
			<NodeRef refid="12"/>
		</Token>
		
		
	</File>
</Tokens>